sample	unit	library	flowcell	platform	lane	sample_id	barcode	fq1	fq2	kb1	kb2
24N03253	1	Lib-5	22FWCTLT4	ILLUMINA	8	24N03253	24N03253_Lib-5_1	data/fastqs/LOSH_005/L_24N03253_CKDL240029306-1A_22FWCTLT4_L8_1.fq.gz	data/fastqs/LOSH_005/L_24N03253_CKDL240029306-1A_22FWCTLT4_L8_2.fq.gz	98837.878	93151.101
24N03254	1	Lib-5	22FWCTLT4	ILLUMINA	8	24N03254	24N03254_Lib-5_1	data/fastqs/LOSH_005/L_24N03254_CKDL240029306-1A_22FWCTLT4_L8_1.fq.gz	data/fastqs/LOSH_005/L_24N03254_CKDL240029306-1A_22FWCTLT4_L8_2.fq.gz	520293.608	502595.521
24N03255	1	Lib-5	22FWCTLT4	ILLUMINA	8	24N03255	24N03255_Lib-5_1	data/fastqs/LOSH_005/L_24N03255_CKDL240029306-1A_22FWCTLT4_L8_1.fq.gz	data/fastqs/LOSH_005/L_24N03255_CKDL240029306-1A_22FWCTLT4_L8_2.fq.gz	1815239.941	1747540.282
24N03256	1	Lib-5	22FWCTLT4	ILLUMINA	8	24N03256	24N03256_Lib-5_1	data/fastqs/LOSH_005/L_24N03256_CKDL240029306-1A_22FWCTLT4_L8_1.fq.gz	data/fastqs/LOSH_005/L_24N03256_CKDL240029306-1A_22FWCTLT4_L8_2.fq.gz	676638.178	666723.927
24N03256	2	Lib-6	22J7G3LT4	ILLUMINA	6	24N03256	24N03256_Lib-6_2	data/fastqs/LOSH_006/L_24N03256_CKDL250006273-1A_22J7G3LT4_L6_1.fq.gz	data/fastqs/LOSH_006/L_24N03256_CKDL250006273-1A_22J7G3LT4_L6_2.fq.gz	5864418.278	5866428.795
24N03259	1	Lib-5	22FWCTLT4	ILLUMINA	8	24N03259	24N03259_Lib-5_1	data/fastqs/LOSH_005/L_24N03259_CKDL240029306-1A_22FWCTLT4_L8_1.fq.gz	data/fastqs/LOSH_005/L_24N03259_CKDL240029306-1A_22FWCTLT4_L8_2.fq.gz	308756.862	292192.171
24N03261	1	Lib-5	22FWCTLT4	ILLUMINA	8	24N03261	24N03261_Lib-5_1	data/fastqs/LOSH_005/L_24N03261_CKDL240029306-1A_22FWCTLT4_L8_1.fq.gz	data/fastqs/LOSH_005/L_24N03261_CKDL240029306-1A_22FWCTLT4_L8_2.fq.gz	1818099.289	1759978.113
24N03262	1	Lib-5	22FWCTLT4	ILLUMINA	8	24N03262	24N03262_Lib-5_1	data/fastqs/LOSH_005/L_24N03262_CKDL240029306-1A_22FWCTLT4_L8_1.fq.gz	data/fastqs/LOSH_005/L_24N03262_CKDL240029306-1A_22FWCTLT4_L8_2.fq.gz	579722.232	546549.881
24N03262	2	Lib-6	22J7G3LT4	ILLUMINA	6	24N03262	24N03262_Lib-6_2	data/fastqs/LOSH_006/L_24N03262_CKDL250006273-1A_22J7G3LT4_L6_1.fq.gz	data/fastqs/LOSH_006/L_24N03262_CKDL250006273-1A_22J7G3LT4_L6_2.fq.gz	5433669.96	5333024.921
24N03263	1	Lib-5	22FWCTLT4	ILLUMINA	8	24N03263	24N03263_Lib-5_1	data/fastqs/LOSH_005/L_24N03263_CKDL240029306-1A_22FWCTLT4_L8_1.fq.gz	data/fastqs/LOSH_005/L_24N03263_CKDL240029306-1A_22FWCTLT4_L8_2.fq.gz	506188.976	486271.875
24N03263	2	Lib-6	22J7G3LT4	ILLUMINA	6	24N03263	24N03263_Lib-6_2	data/fastqs/LOSH_006/L_24N03263_CKDL250006273-1A_22J7G3LT4_L6_1.fq.gz	data/fastqs/LOSH_006/L_24N03263_CKDL250006273-1A_22J7G3LT4_L6_2.fq.gz	6194226.098	6106641.187
24N03264	1	Lib-5	22FWCTLT4	ILLUMINA	8	24N03264	24N03264_Lib-5_1	data/fastqs/LOSH_005/L_24N03264_CKDL240029306-1A_22FWCTLT4_L8_1.fq.gz	data/fastqs/LOSH_005/L_24N03264_CKDL240029306-1A_22FWCTLT4_L8_2.fq.gz	736818.548	718944.639
24N03264	2	Lib-6	22J7G3LT4	ILLUMINA	6	24N03264	24N03264_Lib-6_2	data/fastqs/LOSH_006/L_24N03264_CKDL250006273-1A_22J7G3LT4_L6_1.fq.gz	data/fastqs/LOSH_006/L_24N03264_CKDL250006273-1A_22J7G3LT4_L6_2.fq.gz	3316499.079	3283503.491
24N03267	1	Lib-5	22FWCTLT4	ILLUMINA	8	24N03267	24N03267_Lib-5_1	data/fastqs/LOSH_005/L_24N03267_CKDL240029306-1A_22FWCTLT4_L8_1.fq.gz	data/fastqs/LOSH_005/L_24N03267_CKDL240029306-1A_22FWCTLT4_L8_2.fq.gz	184138.377	173217.433
24N03268	1	Lib-5	22FWCTLT4	ILLUMINA	8	24N03268	24N03268_Lib-5_1	data/fastqs/LOSH_005/L_24N03268_CKDL240029306-1A_22FWCTLT4_L8_1.fq.gz	data/fastqs/LOSH_005/L_24N03268_CKDL240029306-1A_22FWCTLT4_L8_2.fq.gz	340349.808	329109.911
24N03269	1	Lib-5	22FWCTLT4	ILLUMINA	8	24N03269	24N03269_Lib-5_1	data/fastqs/LOSH_005/L_24N03269_CKDL240029306-1A_22FWCTLT4_L8_1.fq.gz	data/fastqs/LOSH_005/L_24N03269_CKDL240029306-1A_22FWCTLT4_L8_2.fq.gz	171509.41	167253.136
24N03270	1	Lib-5	22FWCTLT4	ILLUMINA	8	24N03270	24N03270_Lib-5_1	data/fastqs/LOSH_005/L_24N03270_CKDL240029306-1A_22FWCTLT4_L8_1.fq.gz	data/fastqs/LOSH_005/L_24N03270_CKDL240029306-1A_22FWCTLT4_L8_2.fq.gz	290206.892	274151.898
24N03272	1	Lib-4	22FWCTLT4	ILLUMINA	7	24N03272	24N03272_Lib-4_1	data/fastqs/LOSH_004/L_24N03272_CKDL240029305-1A_22FWCTLT4_L7_1.fq.gz	data/fastqs/LOSH_004/L_24N03272_CKDL240029305-1A_22FWCTLT4_L7_2.fq.gz	3557089.256	3446827.125
24N03273	1	Lib-5	22FWCTLT4	ILLUMINA	8	24N03273	24N03273_Lib-5_1	data/fastqs/LOSH_005/L_24N03273_CKDL240029306-1A_22FWCTLT4_L8_1.fq.gz	data/fastqs/LOSH_005/L_24N03273_CKDL240029306-1A_22FWCTLT4_L8_2.fq.gz	1801505.704	1756870.448
24N03273	2	Lib-6	22J7G3LT4	ILLUMINA	6	24N03273	24N03273_Lib-6_2	data/fastqs/LOSH_006/L_24N03273_CKDL250006273-1A_22J7G3LT4_L6_1.fq.gz	data/fastqs/LOSH_006/L_24N03273_CKDL250006273-1A_22J7G3LT4_L6_2.fq.gz	4192138.985	4110262.356
24N03274	1	Lib-5	22FWCTLT4	ILLUMINA	8	24N03274	24N03274_Lib-5_1	data/fastqs/LOSH_005/L_24N03274_CKDL240029306-1A_22FWCTLT4_L8_1.fq.gz	data/fastqs/LOSH_005/L_24N03274_CKDL240029306-1A_22FWCTLT4_L8_2.fq.gz	1034675.431	1045408.709
24N03274	2	Lib-6	22J7G3LT4	ILLUMINA	6	24N03274	24N03274_Lib-6_2	data/fastqs/LOSH_006/L_24N03274_CKDL250006273-1A_22J7G3LT4_L6_1.fq.gz	data/fastqs/LOSH_006/L_24N03274_CKDL250006273-1A_22J7G3LT4_L6_2.fq.gz	3474794.646	3601548.162
24N03274	3	Lib-6	22J7G3LT4	ILLUMINA	6	24N03274	24N03274_Lib-6_3	data/fastqs/LOSH_006/S_24N03274_CKDL250006273-1A_22J7G3LT4_L6_1.fq.gz	data/fastqs/LOSH_006/S_24N03274_CKDL250006273-1A_22J7G3LT4_L6_2.fq.gz	4160951.624	4302902.912
24N03276	1	Lib-5	22FWCTLT4	ILLUMINA	8	24N03276	24N03276_Lib-5_1	data/fastqs/LOSH_005/L_24N03276_CKDL240029306-1A_22FWCTLT4_L8_1.fq.gz	data/fastqs/LOSH_005/L_24N03276_CKDL240029306-1A_22FWCTLT4_L8_2.fq.gz	3139321.466	3070667.523
24N19708	1	Lib-6	22J7G3LT4	ILLUMINA	6	24N19708	24N19708_Lib-6_1	data/fastqs/LOSH_006/L_24N19708_CKDL250006273-1A_22J7G3LT4_L6_1.fq.gz	data/fastqs/LOSH_006/L_24N19708_CKDL250006273-1A_22J7G3LT4_L6_2.fq.gz	2406201.333	2295494.759
24N19708	2	Lib-6	22J7G3LT4	ILLUMINA	6	24N19708	24N19708_Lib-6_2	data/fastqs/LOSH_006/S_24N19708_CKDL250006273-1A_22J7G3LT4_L6_1.fq.gz	data/fastqs/LOSH_006/S_24N19708_CKDL250006273-1A_22J7G3LT4_L6_2.fq.gz	2861201.094	2725961.581
24N19758	1	Lib-6	22J7G3LT4	ILLUMINA	6	24N19758	24N19758_Lib-6_1	data/fastqs/LOSH_006/A_24N19758_CKDL250006273-1A_22J7G3LT4_L6_1.fq.gz	data/fastqs/LOSH_006/A_24N19758_CKDL250006273-1A_22J7G3LT4_L6_2.fq.gz	449115.814	430962.354
24N19758	2	Lib-6	22J7G3LT4	ILLUMINA	6	24N19758	24N19758_Lib-6_2	data/fastqs/LOSH_006/B_24N19758_CKDL250006273-1A_22J7G3LT4_L6_1.fq.gz	data/fastqs/LOSH_006/B_24N19758_CKDL250006273-1A_22J7G3LT4_L6_2.fq.gz	425956.787	411588.899
24N19758	3	Lib-6	22J7G3LT4	ILLUMINA	6	24N19758	24N19758_Lib-6_3	data/fastqs/LOSH_006/L_24N19758_CKDL250006273-1A_22J7G3LT4_L6_1.fq.gz	data/fastqs/LOSH_006/L_24N19758_CKDL250006273-1A_22J7G3LT4_L6_2.fq.gz	1921744.558	1853371.117
24N19758	4	Lib-6	22J7G3LT4	ILLUMINA	6	24N19758	24N19758_Lib-6_4	data/fastqs/LOSH_006/S_24N19758_CKDL250006273-1A_22J7G3LT4_L6_1.fq.gz	data/fastqs/LOSH_006/S_24N19758_CKDL250006273-1A_22J7G3LT4_L6_2.fq.gz	2257897.364	2178120.564
24N19759	1	Lib-6	22J7G3LT4	ILLUMINA	6	24N19759	24N19759_Lib-6_1	data/fastqs/LOSH_006/L_24N19759_CKDL250006273-1A_22J7G3LT4_L6_1.fq.gz	data/fastqs/LOSH_006/L_24N19759_CKDL250006273-1A_22J7G3LT4_L6_2.fq.gz	1420401.189	1394994.543
24N19759	2	Lib-6	22J7G3LT4	ILLUMINA	6	24N19759	24N19759_Lib-6_2	data/fastqs/LOSH_006/S_24N19759_CKDL250006273-1A_22J7G3LT4_L6_1.fq.gz	data/fastqs/LOSH_006/S_24N19759_CKDL250006273-1A_22J7G3LT4_L6_2.fq.gz	2651660.961	2557631.378
24N19760	1	Lib-6	22J7G3LT4	ILLUMINA	6	24N19760	24N19760_Lib-6_1	data/fastqs/LOSH_006/L_24N19760_CKDL250006273-1A_22J7G3LT4_L6_1.fq.gz	data/fastqs/LOSH_006/L_24N19760_CKDL250006273-1A_22J7G3LT4_L6_2.fq.gz	640296.169	619294.087
24N19760	2	Lib-6	22J7G3LT4	ILLUMINA	6	24N19760	24N19760_Lib-6_2	data/fastqs/LOSH_006/S_24N19760_CKDL250006273-1A_22J7G3LT4_L6_1.fq.gz	data/fastqs/LOSH_006/S_24N19760_CKDL250006273-1A_22J7G3LT4_L6_2.fq.gz	780229.95	751699.203
24N19793	1	Lib-6	22J7G3LT4	ILLUMINA	6	24N19793	24N19793_Lib-6_1	data/fastqs/LOSH_006/L_24N19793_CKDL250006273-1A_22J7G3LT4_L6_1.fq.gz	data/fastqs/LOSH_006/L_24N19793_CKDL250006273-1A_22J7G3LT4_L6_2.fq.gz	2794318.035	2708590.448
24N19793	2	Lib-6	22J7G3LT4	ILLUMINA	6	24N19793	24N19793_Lib-6_2	data/fastqs/LOSH_006/S_24N19793_CKDL250006273-1A_22J7G3LT4_L6_1.fq.gz	data/fastqs/LOSH_006/S_24N19793_CKDL250006273-1A_22J7G3LT4_L6_2.fq.gz	999665.445	971321.14
24N19794	1	Lib-6	22J7G3LT4	ILLUMINA	6	24N19794	24N19794_Lib-6_1	data/fastqs/LOSH_006/L_24N19794_CKDL250006273-1A_22J7G3LT4_L6_1.fq.gz	data/fastqs/LOSH_006/L_24N19794_CKDL250006273-1A_22J7G3LT4_L6_2.fq.gz	489886.209	474431.442
24N19794	2	Lib-6	22J7G3LT4	ILLUMINA	6	24N19794	24N19794_Lib-6_2	data/fastqs/LOSH_006/S_24N19794_CKDL250006273-1A_22J7G3LT4_L6_1.fq.gz	data/fastqs/LOSH_006/S_24N19794_CKDL250006273-1A_22J7G3LT4_L6_2.fq.gz	1622851.342	1558055.59
24N19797	1	Lib-6	22J7G3LT4	ILLUMINA	6	24N19797	24N19797_Lib-6_1	data/fastqs/LOSH_006/L_24N19797_CKDL250006273-1A_22J7G3LT4_L6_1.fq.gz	data/fastqs/LOSH_006/L_24N19797_CKDL250006273-1A_22J7G3LT4_L6_2.fq.gz	1625145.972	1556856.113
24N19797	2	Lib-6	22J7G3LT4	ILLUMINA	6	24N19797	24N19797_Lib-6_2	data/fastqs/LOSH_006/S_24N19797_CKDL250006273-1A_22J7G3LT4_L6_1.fq.gz	data/fastqs/LOSH_006/S_24N19797_CKDL250006273-1A_22J7G3LT4_L6_2.fq.gz	2397970.812	2282162.396
24N19822	1	Lib-6	22J7G3LT4	ILLUMINA	6	24N19822	24N19822_Lib-6_1	data/fastqs/LOSH_006/L_24N19822_CKDL250006273-1A_22J7G3LT4_L6_1.fq.gz	data/fastqs/LOSH_006/L_24N19822_CKDL250006273-1A_22J7G3LT4_L6_2.fq.gz	3486388.374	3337049.178
24N19822	2	Lib-6	22J7G3LT4	ILLUMINA	6	24N19822	24N19822_Lib-6_2	data/fastqs/LOSH_006/S_24N19822_CKDL250006273-1A_22J7G3LT4_L6_1.fq.gz	data/fastqs/LOSH_006/S_24N19822_CKDL250006273-1A_22J7G3LT4_L6_2.fq.gz	1322573.988	1277336.402
24N19823	1	Lib-6	22J7G3LT4	ILLUMINA	6	24N19823	24N19823_Lib-6_1	data/fastqs/LOSH_006/L_24N19823_CKDL250006273-1A_22J7G3LT4_L6_1.fq.gz	data/fastqs/LOSH_006/L_24N19823_CKDL250006273-1A_22J7G3LT4_L6_2.fq.gz	1356504.694	1306658.778
24N19823	2	Lib-6	22J7G3LT4	ILLUMINA	6	24N19823	24N19823_Lib-6_2	data/fastqs/LOSH_006/S_24N19823_CKDL250006273-1A_22J7G3LT4_L6_1.fq.gz	data/fastqs/LOSH_006/S_24N19823_CKDL250006273-1A_22J7G3LT4_L6_2.fq.gz	2309709.495	2229039.735
24N19824	1	Lib-6	22J7G3LT4	ILLUMINA	6	24N19824	24N19824_Lib-6_1	data/fastqs/LOSH_006/L_24N19824_CKDL250006273-1A_22J7G3LT4_L6_1.fq.gz	data/fastqs/LOSH_006/L_24N19824_CKDL250006273-1A_22J7G3LT4_L6_2.fq.gz	812944.728	791454.607
24N19824	2	Lib-6	22J7G3LT4	ILLUMINA	6	24N19824	24N19824_Lib-6_2	data/fastqs/LOSH_006/S_24N19824_CKDL250006273-1A_22J7G3LT4_L6_1.fq.gz	data/fastqs/LOSH_006/S_24N19824_CKDL250006273-1A_22J7G3LT4_L6_2.fq.gz	2443753.298	2371456.783
24N19825	1	Lib-6	22J7G3LT4	ILLUMINA	6	24N19825	24N19825_Lib-6_1	data/fastqs/LOSH_006/L_24N19825_CKDL250006273-1A_22J7G3LT4_L6_1.fq.gz	data/fastqs/LOSH_006/L_24N19825_CKDL250006273-1A_22J7G3LT4_L6_2.fq.gz	1933246.316	1858833.241
24N19825	2	Lib-6	22J7G3LT4	ILLUMINA	6	24N19825	24N19825_Lib-6_2	data/fastqs/LOSH_006/S_24N19825_CKDL250006273-1A_22J7G3LT4_L6_1.fq.gz	data/fastqs/LOSH_006/S_24N19825_CKDL250006273-1A_22J7G3LT4_L6_2.fq.gz	516622.899	496854.164
24N19826	1	Lib-6	22J7G3LT4	ILLUMINA	6	24N19826	24N19826_Lib-6_1	data/fastqs/LOSH_006/L_24N19826_CKDL250006273-1A_22J7G3LT4_L6_1.fq.gz	data/fastqs/LOSH_006/L_24N19826_CKDL250006273-1A_22J7G3LT4_L6_2.fq.gz	2711319.646	2632990.19
24N19826	2	Lib-6	22J7G3LT4	ILLUMINA	6	24N19826	24N19826_Lib-6_2	data/fastqs/LOSH_006/S_24N19826_CKDL250006273-1A_22J7G3LT4_L6_1.fq.gz	data/fastqs/LOSH_006/S_24N19826_CKDL250006273-1A_22J7G3LT4_L6_2.fq.gz	5732546.848	5567371.14
24N19831	1	Lib-6	22J7G3LT4	ILLUMINA	6	24N19831	24N19831_Lib-6_1	data/fastqs/LOSH_006/L_24N19831_CKDL250006273-1A_22J7G3LT4_L6_1.fq.gz	data/fastqs/LOSH_006/L_24N19831_CKDL250006273-1A_22J7G3LT4_L6_2.fq.gz	608906.011	573734.767
24N19831	2	Lib-6	22J7G3LT4	ILLUMINA	6	24N19831	24N19831_Lib-6_2	data/fastqs/LOSH_006/S_24N19831_CKDL250006273-1A_22J7G3LT4_L6_1.fq.gz	data/fastqs/LOSH_006/S_24N19831_CKDL250006273-1A_22J7G3LT4_L6_2.fq.gz	566143.144	539251.344
24N19832	1	Lib-6	22J7G3LT4	ILLUMINA	6	24N19832	24N19832_Lib-6_1	data/fastqs/LOSH_006/L_24N19832_CKDL250006273-1A_22J7G3LT4_L6_1.fq.gz	data/fastqs/LOSH_006/L_24N19832_CKDL250006273-1A_22J7G3LT4_L6_2.fq.gz	988502.85	957982.701
24N19832	2	Lib-6	22J7G3LT4	ILLUMINA	6	24N19832	24N19832_Lib-6_2	data/fastqs/LOSH_006/S_24N19832_CKDL250006273-1A_22J7G3LT4_L6_1.fq.gz	data/fastqs/LOSH_006/S_24N19832_CKDL250006273-1A_22J7G3LT4_L6_2.fq.gz	342439.465	325862.153
24N19833	1	Lib-6	22J7G3LT4	ILLUMINA	6	24N19833	24N19833_Lib-6_1	data/fastqs/LOSH_006/L_24N19833_CKDL250006273-1A_22J7G3LT4_L6_1.fq.gz	data/fastqs/LOSH_006/L_24N19833_CKDL250006273-1A_22J7G3LT4_L6_2.fq.gz	1196883.286	1142571.149
24N19833	2	Lib-6	22J7G3LT4	ILLUMINA	6	24N19833	24N19833_Lib-6_2	data/fastqs/LOSH_006/S_24N19833_CKDL250006273-1A_22J7G3LT4_L6_1.fq.gz	data/fastqs/LOSH_006/S_24N19833_CKDL250006273-1A_22J7G3LT4_L6_2.fq.gz	484974.151	456879.718
24N19834	1	Lib-6	22J7G3LT4	ILLUMINA	6	24N19834	24N19834_Lib-6_1	data/fastqs/LOSH_006/L_24N19834_CKDL250006273-1A_22J7G3LT4_L6_1.fq.gz	data/fastqs/LOSH_006/L_24N19834_CKDL250006273-1A_22J7G3LT4_L6_2.fq.gz	336395.216	313275.882
24N19834	2	Lib-6	22J7G3LT4	ILLUMINA	6	24N19834	24N19834_Lib-6_2	data/fastqs/LOSH_006/S_24N19834_CKDL250006273-1A_22J7G3LT4_L6_1.fq.gz	data/fastqs/LOSH_006/S_24N19834_CKDL250006273-1A_22J7G3LT4_L6_2.fq.gz	1428180.394	1327549.068
24N19835	1	Lib-6	22J7G3LT4	ILLUMINA	6	24N19835	24N19835_Lib-6_1	data/fastqs/LOSH_006/L_24N19835_CKDL250006273-1A_22J7G3LT4_L6_1.fq.gz	data/fastqs/LOSH_006/L_24N19835_CKDL250006273-1A_22J7G3LT4_L6_2.fq.gz	602357.108	563828.627
24N19835	2	Lib-6	22J7G3LT4	ILLUMINA	6	24N19835	24N19835_Lib-6_2	data/fastqs/LOSH_006/S_24N19835_CKDL250006273-1A_22J7G3LT4_L6_1.fq.gz	data/fastqs/LOSH_006/S_24N19835_CKDL250006273-1A_22J7G3LT4_L6_2.fq.gz	510975.102	478854.479
24N19838	1	Lib-6	22J7G3LT4	ILLUMINA	6	24N19838	24N19838_Lib-6_1	data/fastqs/LOSH_006/L_24N19838_CKDL250006273-1A_22J7G3LT4_L6_1.fq.gz	data/fastqs/LOSH_006/L_24N19838_CKDL250006273-1A_22J7G3LT4_L6_2.fq.gz	1521959.13	1444585.668
24N19838	2	Lib-6	22J7G3LT4	ILLUMINA	6	24N19838	24N19838_Lib-6_2	data/fastqs/LOSH_006/S_24N19838_CKDL250006273-1A_22J7G3LT4_L6_1.fq.gz	data/fastqs/LOSH_006/S_24N19838_CKDL250006273-1A_22J7G3LT4_L6_2.fq.gz	732509.093	700432.662
24N19839	1	Lib-6	22J7G3LT4	ILLUMINA	6	24N19839	24N19839_Lib-6_1	data/fastqs/LOSH_006/L_24N19839_CKDL250006273-1A_22J7G3LT4_L6_1.fq.gz	data/fastqs/LOSH_006/L_24N19839_CKDL250006273-1A_22J7G3LT4_L6_2.fq.gz	2159156.287	2106251.749
24N19839	2	Lib-6	22J7G3LT4	ILLUMINA	6	24N19839	24N19839_Lib-6_2	data/fastqs/LOSH_006/S_24N19839_CKDL250006273-1A_22J7G3LT4_L6_1.fq.gz	data/fastqs/LOSH_006/S_24N19839_CKDL250006273-1A_22J7G3LT4_L6_2.fq.gz	1729545.119	1663488.08
24N19840	1	Lib-6	22J7G3LT4	ILLUMINA	6	24N19840	24N19840_Lib-6_1	data/fastqs/LOSH_006/L_24N19840_CKDL250006273-1A_22J7G3LT4_L6_1.fq.gz	data/fastqs/LOSH_006/L_24N19840_CKDL250006273-1A_22J7G3LT4_L6_2.fq.gz	664938.126	631846.236
24N19842	1	Lib-6	22J7G3LT4	ILLUMINA	6	24N19842	24N19842_Lib-6_1	data/fastqs/LOSH_006/L_24N19842_CKDL250006273-1A_22J7G3LT4_L6_1.fq.gz	data/fastqs/LOSH_006/L_24N19842_CKDL250006273-1A_22J7G3LT4_L6_2.fq.gz	1194381.718	1126010.866
24N19842	2	Lib-6	22J7G3LT4	ILLUMINA	6	24N19842	24N19842_Lib-6_2	data/fastqs/LOSH_006/S_24N19842_CKDL250006273-1A_22J7G3LT4_L6_1.fq.gz	data/fastqs/LOSH_006/S_24N19842_CKDL250006273-1A_22J7G3LT4_L6_2.fq.gz	210089.409	198283.009
24N19844	1	Lib-6	22J7G3LT4	ILLUMINA	6	24N19844	24N19844_Lib-6_1	data/fastqs/LOSH_006/L_24N19844_CKDL250006273-1A_22J7G3LT4_L6_1.fq.gz	data/fastqs/LOSH_006/L_24N19844_CKDL250006273-1A_22J7G3LT4_L6_2.fq.gz	11058298.805	10860604.421
24N19844	2	Lib-6	22J7G3LT4	ILLUMINA	6	24N19844	24N19844_Lib-6_2	data/fastqs/LOSH_006/S_24N19844_CKDL250006273-1A_22J7G3LT4_L6_1.fq.gz	data/fastqs/LOSH_006/S_24N19844_CKDL250006273-1A_22J7G3LT4_L6_2.fq.gz	3760757.136	3693944.819
24N19858	1	Lib-6	22J7G3LT4	ILLUMINA	6	24N19858	24N19858_Lib-6_1	data/fastqs/LOSH_006/L_24N19858_CKDL250006273-1A_22J7G3LT4_L6_1.fq.gz	data/fastqs/LOSH_006/L_24N19858_CKDL250006273-1A_22J7G3LT4_L6_2.fq.gz	12126108.753	11964938.655
24N19858	2	Lib-6	22J7G3LT4	ILLUMINA	6	24N19858	24N19858_Lib-6_2	data/fastqs/LOSH_006/S_24N19858_CKDL250006273-1A_22J7G3LT4_L6_1.fq.gz	data/fastqs/LOSH_006/S_24N19858_CKDL250006273-1A_22J7G3LT4_L6_2.fq.gz	9101896.467	8988098.066
24N19859	1	Lib-6	22J7G3LT4	ILLUMINA	6	24N19859	24N19859_Lib-6_1	data/fastqs/LOSH_006/L_24N19859_CKDL250006273-1A_22J7G3LT4_L6_1.fq.gz	data/fastqs/LOSH_006/L_24N19859_CKDL250006273-1A_22J7G3LT4_L6_2.fq.gz	8077350.534	7994517.874
24N19859	2	Lib-6	22J7G3LT4	ILLUMINA	6	24N19859	24N19859_Lib-6_2	data/fastqs/LOSH_006/S_24N19859_CKDL250006273-1A_22J7G3LT4_L6_1.fq.gz	data/fastqs/LOSH_006/S_24N19859_CKDL250006273-1A_22J7G3LT4_L6_2.fq.gz	8305919.169	8192542.255
24N19863	1	Lib-6	22J7G3LT4	ILLUMINA	6	24N19863	24N19863_Lib-6_1	data/fastqs/LOSH_006/L_24N19863_CKDL250006273-1A_22J7G3LT4_L6_1.fq.gz	data/fastqs/LOSH_006/L_24N19863_CKDL250006273-1A_22J7G3LT4_L6_2.fq.gz	7554279.528	7404414.546
24N19863	2	Lib-6	22J7G3LT4	ILLUMINA	6	24N19863	24N19863_Lib-6_2	data/fastqs/LOSH_006/S_24N19863_CKDL250006273-1A_22J7G3LT4_L6_1.fq.gz	data/fastqs/LOSH_006/S_24N19863_CKDL250006273-1A_22J7G3LT4_L6_2.fq.gz	6688225.849	6582775.477
24N19864	1	Lib-6	22J7G3LT4	ILLUMINA	6	24N19864	24N19864_Lib-6_1	data/fastqs/LOSH_006/L_24N19864_CKDL250006273-1A_22J7G3LT4_L6_1.fq.gz	data/fastqs/LOSH_006/L_24N19864_CKDL250006273-1A_22J7G3LT4_L6_2.fq.gz	10447635.836	10296887.168
24N19864	2	Lib-6	22J7G3LT4	ILLUMINA	6	24N19864	24N19864_Lib-6_2	data/fastqs/LOSH_006/S_24N19864_CKDL250006273-1A_22J7G3LT4_L6_1.fq.gz	data/fastqs/LOSH_006/S_24N19864_CKDL250006273-1A_22J7G3LT4_L6_2.fq.gz	10092012.197	9938426.736
24N19867	1	Lib-6	22J7G3LT4	ILLUMINA	6	24N19867	24N19867_Lib-6_1	data/fastqs/LOSH_006/L_24N19867_CKDL250006273-1A_22J7G3LT4_L6_1.fq.gz	data/fastqs/LOSH_006/L_24N19867_CKDL250006273-1A_22J7G3LT4_L6_2.fq.gz	6939561.591	6883839.825
24N19868	1	Lib-6	22J7G3LT4	ILLUMINA	6	24N19868	24N19868_Lib-6_1	data/fastqs/LOSH_006/L_24N19868_CKDL250006273-1A_22J7G3LT4_L6_1.fq.gz	data/fastqs/LOSH_006/L_24N19868_CKDL250006273-1A_22J7G3LT4_L6_2.fq.gz	6998544.471	6867980.675
24N19869	1	Lib-6	22J7G3LT4	ILLUMINA	6	24N19869	24N19869_Lib-6_1	data/fastqs/LOSH_006/L_24N19869_CKDL250006273-1A_22J7G3LT4_L6_1.fq.gz	data/fastqs/LOSH_006/L_24N19869_CKDL250006273-1A_22J7G3LT4_L6_2.fq.gz	6998641.569	6858894.494
24N19870	1	Lib-6	22J7G3LT4	ILLUMINA	6	24N19870	24N19870_Lib-6_1	data/fastqs/LOSH_006/L_24N19870_CKDL250006273-1A_22J7G3LT4_L6_1.fq.gz	data/fastqs/LOSH_006/L_24N19870_CKDL250006273-1A_22J7G3LT4_L6_2.fq.gz	7548496.821	7382491.961
24N19871	1	Lib-6	22J7G3LT4	ILLUMINA	6	24N19871	24N19871_Lib-6_1	data/fastqs/LOSH_006/L_24N19871_CKDL250006273-1A_22J7G3LT4_L6_1.fq.gz	data/fastqs/LOSH_006/L_24N19871_CKDL250006273-1A_22J7G3LT4_L6_2.fq.gz	7151218.417	7013181.618
